[
  {
    "_id": 1,
    "title": "Unlocking Android",
    "isbn": "1933988673",
    "pageCount": 416,
    "publishedDate": {
      "$date": "2009-04-01T00:00:00.000-0700"
    },
    "thumbnailUrl": "https://s3.amazonaws.com/AKIAJC5RLADLUMVRPFDQ.book-thumb-images/ableson.jpg",
    "shortDescription": "Unlocking Android: A Developer's Guide provides concise, hands-on instruction for the Android operating system and development tools. This book teaches important architectural concepts in a straightforward writing style and builds on this with practical and useful examples throughout.",
    "rating": 4.0,
    "authors": ["W. Frank Ableson", "Charlie Collins", "Robi Sen", "Robi Sen"],
    "category": "Mobile"
  },
  {
    "_id": 2,
    "title": "Android in Action, Second Edition",
    "isbn": "1935182722",
    "pageCount": 592,
    "publishedDate": {
      "$date": "2011-01-14T00:00:00.000-0800"
    },
    "thumbnailUrl": "https://s3.amazonaws.com/AKIAJC5RLADLUMVRPFDQ.book-thumb-images/ableson2.jpg",
    "shortDescription": "Android in Action, Second Edition is a comprehensive tutorial for Android developers. Taking you far beyond \"Hello Android,\" this fast-paced book puts you in the driver's seat as you learn important architectural concepts and implementation strategies. You'll master the SDK, build WebKit apps using HTML 5, and even learn to extend or replace Android's built-in features by building useful and intriguing examples. ",
    "rating": 4.5,
    "authors": ["W. Frank Ableson", "Robi Sen"],
    "category": "Java"
  },
  {
    "_id": 3,
    "title": "Specification by Example",
    "isbn": "1617290084",
    "pageCount": 0,
    "publishedDate": {
      "$date": "2011-06-03T00:00:00.000-0700"
    },
    "thumbnailUrl": "https://s3.amazonaws.com/AKIAJC5RLADLUMVRPFDQ.book-thumb-images/adzic.jpg",
    "rating": 4.5,
    "authors": ["Gojko Adzic"],
    "category": "Software Engineering"
  },
  {
    "_id": 4,
    "title": "Flex 3 in Action",
    "isbn": "1933988746",
    "pageCount": 576,
    "publishedDate": {
      "$date": "2009-02-02T00:00:00.000-0800"
    },
    "thumbnailUrl": "https://s3.amazonaws.com/AKIAJC5RLADLUMVRPFDQ.book-thumb-images/ahmed.jpg",
    "longDescription": "New web applications require engaging user-friendly interfaces   and the cooler, the better. With Flex 3, web developers at any skill level can create high-quality, effective, and interactive Rich Internet Applications (RIAs) quickly and easily. Flex removes the complexity barrier from RIA development by offering sophisticated tools and a straightforward programming language so you can focus on what you want to do instead of how to do it. And now that the major components of Flex are free and open-source, the cost barrier is gone, as well!    Flex 3 in Action is an easy-to-follow, hands-on Flex tutorial. Chock-full of examples, this book goes beyond feature coverage and helps you put Flex to work in real day-to-day tasks. You'll quickly master the Flex API and learn to apply the techniques that make your Flex applications stand out from the crowd.    Interesting themes, styles, and skins  It's in there.  Working with databases  You got it.  Interactive forms and validation  You bet.  Charting techniques to help you visualize data  Bam!  The expert authors of Flex 3 in Action have one goal   to help you get down to business with Flex 3. Fast.    Many Flex books are overwhelming to new users   focusing on the complexities of the language and the super-specialized subjects in the Flex eco-system; Flex 3 in Action filters out the noise and dives into the core topics you need every day. Using numerous easy-to-understand examples, Flex 3 in Action gives you a strong foundation that you can build on as the complexity of your projects increases.",
    "rating": 4.8,
    "authors": ["Tariq Ahmed with Jon Hirschi", "Faisal Abid"],
    "category": "Internet"
  },
  {
    "_id": 5,
    "title": "Flex 4 in Action",
    "isbn": "1935182420",
    "pageCount": 600,
    "publishedDate": {
      "$date": "2010-11-15T00:00:00.000-0800"
    },
    "thumbnailUrl": "https://s3.amazonaws.com/AKIAJC5RLADLUMVRPFDQ.book-thumb-images/ahmed2.jpg",
    "longDescription": "Using Flex, you can create high-quality, effective, and interactive Rich Internet Applications (RIAs) quickly and easily. Flex removes the complexity barrier from RIA development by offering sophisticated tools and a straightforward programming language so you can focus on what you want to do instead of how to do it. And the new features added in Flex 4 give you an even wider range of options!    Flex 4 in Action is an easy-to-follow, hands-on Flex tutorial that goes beyond feature coverage and helps you put Flex to work in real day-to-day tasks. You'll quickly master the Flex API and learn to apply the techniques that make your Flex applications stand out from the crowd.    The expert authors of Flex 4 in Action have one goal-to help you get down to business with Flex. Fast. Flex 4 in Action filters out the noise and dives into the core topics you need every day. Using numerous easy-to-understand examples, Flex 4 in Action gives you a strong foundation that you can build on as the complexity of your projects increases.    Interesting themes, styles, and skins  It's in there.  Working with databases  You got it.  Interactive forms and validation  You bet.  Charting techniques to help you visualize data  Bam!  And you'll get full coverage of these great Flex 4 upgrades:  Next generation Spark components-New buttons, form inputs, navigation controls and other visual components replace the Flex 3 \"Halo\" versions. Spark components are easier to customize, which makes skinning and theme design much faster  A new \"network monitor\" allows you to see the data communications between a Flex application and a backend server, which helps when trying to debug applications that are communicating to another system/service  Numerous productivity boosting features that speed up the process of creating applications  A faster compiler to take your human-written source code and convert it into a machine-readable format  Built-in support for unit testing allows you to improve the quality of your software, and reduce the time spent in testing",
    "rating": 4.2,
    "authors": ["Tariq Ahmed", "Dan Orlando", "John C. Bland II", "Joel Hooks"],
    "category": "Web Development"
  },
  {
    "_id": 6,
    "title": "Collective Intelligence in Action",
    "isbn": "1933988312",
    "pageCount": 425,
    "publishedDate": {
      "$date": "2008-10-01T00:00:00.000-0700"
    },
    "thumbnailUrl": "https://s3.amazonaws.com/AKIAJC5RLADLUMVRPFDQ.book-thumb-images/alag.jpg",
    "longDescription": "There's a great deal of wisdom in a crowd, but how do you listen to a thousand people talking at once  Identifying the wants, needs, and knowledge of internet users can be like listening to a mob.    In the Web 2.0 era, leveraging the collective power of user contributions, interactions, and feedback is the key to market dominance. A new category of powerful programming techniques lets you discover the patterns, inter-relationships, and individual profiles   the collective intelligence   locked in the data people leave behind as they surf websites, post blogs, and interact with other users.    Collective Intelligence in Action is a hands-on guidebook for implementing collective-intelligence concepts using Java. It is the first Java-based book to emphasize the underlying algorithms and technical implementation of vital data gathering and mining techniques like analyzing trends, discovering relationships, and making predictions. It provides a pragmatic approach to personalization by combining content-based analysis with collaborative approaches.    This book is for Java developers implementing collective intelligence in real, high-use applications. Following a running example in which you harvest and use information from blogs, you learn to develop software that you can embed in your own applications. The code examples are immediately reusable and give the Java developer a working collective intelligence toolkit.    Along the way, you work with, a number of APIs and open-source toolkits including text analysis and search using Lucene, web-crawling using Nutch, and applying machine learning algorithms using WEKA and the Java Data Mining (JDM) standard.",
    "rating": 4.7,
    "authors": ["Satnam Alag"],
    "category": "Internet"
  },
  {
    "_id": 7,
    "title": "Zend Framework in Action",
    "isbn": "1933988320",
    "pageCount": 432,
    "publishedDate": {
      "$date": "2008-12-01T00:00:00.000-0800"
    },
    "thumbnailUrl": "https://s3.amazonaws.com/AKIAJC5RLADLUMVRPFDQ.book-thumb-images/allen.jpg",
    "shortDescription": "Zend Framework in Action is a comprehensive tutorial that shows how to use the Zend Framework to create web-based applications and web services. This book takes you on an over-the-shoulder tour of the components of the Zend Framework as you build a high quality, real-world web application.",
    "longDescription": "From rather humble beginnings as the Personal Home Page scripting language, PHP has found its way into almost every server, corporation, and dev shop in the world. On an average day, somewhere between 500,000 and 2 million coders do something in PHP. Even when you use a well-understood language like PHP, building a modern web application requires tools that decrease development time and cost while improving code quality. Frameworks such as Ruby-on-Rails and Django have been getting a lot of attention as a result.     For PHP coders, the Zend Framework offers that same promise without the need to move away from PHP. This powerful collection of components can be used in part or as a whole to speed up the development process. Zend Framework has the backing of Zend Technologies; the driving force behind the PHP programming language in which it is written. The first production release of the Zend Framework became available in July of 2007.    Zend Framework in Action is a comprehensive tutorial that shows how to use the Zend Framework to create web-based applications and web services. This book takes you on an over-the-shoulder tour of the components of the Zend Framework as you build a high quality, real-world web application. This book is organized around the techniques you'll use every day as a web developer \"data handling, forms, authentication, and so forth. As you follow the running example, you'll learn to build interactive Ajax-driven features into your application without sacrificing nuts-and-bolts considerations like security and performance.  This book is aimed at the competent PHP developer who wants to master framework-driven web development. Zend Framework in Action goes beyond the docs but still provides quick access to the most common topics encountered in the development of web applications.  ",
    "rating": 4.6,
    "authors": ["Rob Allen", "Nick Lo", "Steven Brown"],
    "category": "Web Development"
  },
  {
    "_id": 8,
    "title": "Flex on Java",
    "isbn": "1933988797",
    "pageCount": 265,
    "publishedDate": {
      "$date": "2010-10-15T00:00:00.000-0700"
    },
    "thumbnailUrl": "https://s3.amazonaws.com/AKIAJC5RLADLUMVRPFDQ.book-thumb-images/allmon.jpg",
    "shortDescription": "   A beautifully written book that is a must have for every Java Developer.       Ashish Kulkarni, Technical Director, E-Business Software Solutions Ltd.",
    "rating": 4.4,
    "authors": ["Bernerd Allmon", "Jeremy Anderson"],
    "category": "Internet"
  },
  {
    "_id": 9,
    "title": "Griffon in Action",
    "isbn": "1935182234",
    "pageCount": 375,
    "publishedDate": {
      "$date": "2012-06-04T00:00:00.000-0700"
    },
    "thumbnailUrl": "https://s3.amazonaws.com/AKIAJC5RLADLUMVRPFDQ.book-thumb-images/almiray.jpg",
    "shortDescription": "Griffon in Action is a comprehensive tutorial written for Java developers who want a more productive approach to UI development. In this book, you'll immediately dive into Griffon. After a Griffon orientation and a quick Groovy tutorial, you'll start building examples that explore Griffon's high productivity approach to Swing development. One of the troublesome parts of Swing development is the amount of Java code that is required to get a simple application off the ground.",
    "longDescription": "Although several options exist for interface development in Java, even popular UI toolkits like Swing have been notoriously complex and difficult to use. Griffon, an agile framework that uses Groovy to simplify Swing, makes UI development dramatically faster and easier. In many respects, Griffon is for desktop development what Grails is for web development. While it's based on Swing, its declarative style and approachable level of abstraction is instantly familiar to developers familiar with other technologies such as Flex or JavaFX.    Griffon in Action is a comprehensive tutorial written for Java developers who want a more productive approach to UI development. In this book, you'll immediately dive into Griffon. After a Griffon orientation and a quick Groovy tutorial, you'll start building examples that explore Griffon's high productivity approach to Swing development. One of the troublesome parts of Swing development is the amount of Java code that is required to get a simple application off the ground.    You'll learn how SwingBuilder (and its cousin builders) present a very palatable alternative in the form of a DSL geared towards building graphical user interfaces. Pair it up with the convention over configuration paradigm, a well tested and tried application source structure (based on Grails) and you have a recipe for quick and effective Swing application development. Griffon in Action covers declarative view development, like the one provided by JavaFX Script, as well as the structure, architecture and life cycle of Java application development",
    "rating": 4.5,
    "authors": ["Andres Almiray", "Danno Ferrin", "", "James Shingler"],
    "category": "Java"
  },
  {
    "_id": 10,
    "title": "OSGi in Depth",
    "isbn": "193518217X",
    "pageCount": 325,
    "publishedDate": {
      "$date": "2011-12-12T00:00:00.000-0800"
    },
    "thumbnailUrl": "https://s3.amazonaws.com/AKIAJC5RLADLUMVRPFDQ.book-thumb-images/alves.jpg",
    "shortDescription": "Enterprise OSGi shows a Java developer how to develop to the OSGi Service Platform Enterprise specification, an emerging Java-based technology for developing modular enterprise applications. Enterprise OSGi addresses several shortcomings of existing enterprise platforms, such as allowing the creation of better maintainable and extensible applications, and provide a simpler, easier-to-use, light-weight solution to enterprise software development.",
    "rating": 4.7,
    "authors": ["Alexandre de Castro Alves"],
    "category": "Java"
  },
  {
    "_id": 11,
    "title": "Flexible Rails",
    "isbn": "1933988509",
    "pageCount": 592,
    "publishedDate": {
      "$date": "2008-01-01T00:00:00.000-0800"
    },
    "thumbnailUrl": "https://s3.amazonaws.com/AKIAJC5RLADLUMVRPFDQ.book-thumb-images/armstrong.jpg",
    "shortDescription": "\"Flexible Rails created a standard to which I hold other technical books. You definitely get your money's worth.\"",
    "authors": ["Peter Armstrong"],
    "rating": 4.0,
    "category": "Web Development"
  },
  {
    "_id": 13,
    "title": "Hello! Flex 4",
    "isbn": "1933988762",
    "pageCount": 258,
    "publishedDate": {
      "$date": "2009-11-01T00:00:00.000-0700"
    },
    "thumbnailUrl": "https://s3.amazonaws.com/AKIAJC5RLADLUMVRPFDQ.book-thumb-images/armstrong3.jpg",
    "shortDescription": "Hello! Flex 4 progresses through 26 self-contained examples selected so you can progressively master Flex. They vary from small one-page apps, to a 3D rotating haiku, to a Connect Four-like game. And in the last chapter you'll learn to build a full Flex application called SocialStalkr   a mashup that lets you follow your friends by showing their tweets on a Yahoo map.",
    "rating": 4.5,
    "authors": ["Peter Armstrong"],
    "category": "Web Development"
  },
  {
    "_id": 14,
    "title": "Coffeehouse",
    "isbn": "1884777384",
    "pageCount": 316,
    "publishedDate": {
      "$date": "1997-07-01T00:00:00.000-0700"
    },
    "thumbnailUrl": "https://s3.amazonaws.com/AKIAJC5RLADLUMVRPFDQ.book-thumb-images/asher.jpg",
    "shortDescription": "Coffeehouse is an anthology of stories, poems and essays originally published on the World Wide Web.",
    "rating": 4.9,
    "authors": ["Levi Asher", "Christian Crumlish"],
    "category": "friction"
  },
  {
    "_id": 15,
    "title": "Team Foundation Server 2008 in Action",
    "isbn": "1933988592",
    "pageCount": 344,
    "publishedDate": {
      "$date": "2008-12-01T00:00:00.000-0800"
    },
    "thumbnailUrl": "https://s3.amazonaws.com/AKIAJC5RLADLUMVRPFDQ.book-thumb-images/azher.jpg",
    "shortDescription": "In complex software projects, managing the development process can be as critical to success as writing the code itself. A project may involve dozens of developers, managers, architects, testers, and customers, hundreds of builds, and thousands of opportunities to get off-track. To keep tabs on the people, tasks, and components of a medium- to large-scale project, most teams use a development system that allows for easy monitoring, follow-up, and accountability.    Microsoft Team Foundation Server 2008 (TFS), the server component of Microsoft's Visual Studio Team System (VSTS), provides a powerful collaborative platform for software-development teams. The product offers an integrated toolset for tracking work items, creating test cases, managing source code, generating builds, constructing database schemas, and so on. Because in software development one size does not fit all, TFS provides process customization, project management, and reporting capabilities to build solutions around your requirements.    Team Foundation Server 2008 in Action is a hands-on guide to Team Foundation Server 2008. Written for developers with a good handle on TFS basics, this book shows you how to solve real-life problems. It's not a repetition of Microsoft's product documentation. Team Foundation Server 2008 in Action is a practitioner's handbook for how to work with TFS under common constraints. This book walks you through real-life software engineering problems based on hundreds of hours of TFS experience.    You'll benefit from expert author Jamil Azher's extensive interactions with members of Microsoft's TFS team and MVPs, survey feedback from the author's blog, and interviews with organizations and user groups using TFS. Instead of just offering a high-level overview, the book provides detailed solutions for solving common   and not-so-common   problems using TFS. It discusses the strengths as well as weaknesses of TFS, and suggests appropriate problem resolution steps, workarounds, or custom solutions.",
    "rating": 3.9,
    "authors": ["Jamil Azher"],
    "category": "Microsoft"
  }
]
